-- phpMyAdmin SQL Dump
-- version 4.8.2
-- https://www.phpmyadmin.net/
--
-- Host: 127.0.0.1
-- Generation Time: Sep 10, 2018 at 01:33 PM
-- Server version: 10.1.34-MariaDB
-- PHP Version: 7.1.20

SET SQL_MODE = "NO_AUTO_VALUE_ON_ZERO";
SET AUTOCOMMIT = 0;
START TRANSACTION;
SET time_zone = "+00:00";


/*!40101 SET @OLD_CHARACTER_SET_CLIENT=@@CHARACTER_SET_CLIENT */;
/*!40101 SET @OLD_CHARACTER_SET_RESULTS=@@CHARACTER_SET_RESULTS */;
/*!40101 SET @OLD_COLLATION_CONNECTION=@@COLLATION_CONNECTION */;
/*!40101 SET NAMES utf8mb4 */;

--
-- Database: `food`
--

-- --------------------------------------------------------

--
-- Table structure for table `categories`
--

CREATE TABLE `categories` (
  `id` int(10) UNSIGNED NOT NULL,
  `category_name` varchar(191) COLLATE utf8mb4_unicode_ci NOT NULL,
  `created_at` timestamp NULL DEFAULT NULL,
  `updated_at` timestamp NULL DEFAULT NULL
) ENGINE=InnoDB DEFAULT CHARSET=utf8mb4 COLLATE=utf8mb4_unicode_ci;

--
-- Dumping data for table `categories`
--

INSERT INTO `categories` (`id`, `category_name`, `created_at`, `updated_at`) VALUES
(7, 'شوربات', NULL, NULL),
(8, 'حلويات', NULL, NULL),
(9, 'سلطات', NULL, NULL),
(10, 'مقبلات', NULL, NULL),
(11, 'وجبات رئيسية', NULL, NULL);

-- --------------------------------------------------------

--
-- Table structure for table `comments`
--

CREATE TABLE `comments` (
  `id` int(10) UNSIGNED NOT NULL,
  `user_id` int(10) UNSIGNED NOT NULL,
  `post_id` int(10) UNSIGNED NOT NULL,
  `body` text COLLATE utf8mb4_unicode_ci NOT NULL,
  `created_at` timestamp NULL DEFAULT NULL,
  `updated_at` timestamp NULL DEFAULT NULL
) ENGINE=InnoDB DEFAULT CHARSET=utf8mb4 COLLATE=utf8mb4_unicode_ci;

-- --------------------------------------------------------

--
-- Table structure for table `migrations`
--

CREATE TABLE `migrations` (
  `id` int(10) UNSIGNED NOT NULL,
  `migration` varchar(191) COLLATE utf8mb4_unicode_ci NOT NULL,
  `batch` int(11) NOT NULL
) ENGINE=InnoDB DEFAULT CHARSET=utf8mb4 COLLATE=utf8mb4_unicode_ci;

--
-- Dumping data for table `migrations`
--

INSERT INTO `migrations` (`id`, `migration`, `batch`) VALUES
(1, '2014_10_12_000000_create_users_table', 1),
(2, '2014_10_12_100000_create_password_resets_table', 1),
(3, '2018_09_02_071343_create_posts_table', 2),
(4, '2018_09_02_072201_create_comments_table', 2),
(5, '2018_09_02_090547_create_categories_table', 2),
(6, '2018_09_02_105553_create_users_table', 3),
(7, '2018_09_02_105743_create_users_table', 4),
(8, '2018_09_02_110109_create_posts_table', 5),
(9, '2018_09_02_112145_create_comments_table', 6);

-- --------------------------------------------------------

--
-- Table structure for table `password_resets`
--

CREATE TABLE `password_resets` (
  `email` varchar(191) COLLATE utf8mb4_unicode_ci NOT NULL,
  `token` varchar(191) COLLATE utf8mb4_unicode_ci NOT NULL,
  `created_at` timestamp NULL DEFAULT NULL
) ENGINE=InnoDB DEFAULT CHARSET=utf8mb4 COLLATE=utf8mb4_unicode_ci;

-- --------------------------------------------------------

--
-- Table structure for table `posts`
--

CREATE TABLE `posts` (
  `id` int(10) UNSIGNED NOT NULL,
  `subject` varchar(191) COLLATE utf8mb4_unicode_ci NOT NULL,
  `body` mediumtext COLLATE utf8mb4_unicode_ci NOT NULL,
  `user_id` int(10) UNSIGNED NOT NULL,
  `category_id` int(10) UNSIGNED DEFAULT NULL,
  `url` varchar(191) COLLATE utf8mb4_unicode_ci NOT NULL,
  `created_at` timestamp NULL DEFAULT NULL,
  `updated_at` timestamp NULL DEFAULT NULL
) ENGINE=InnoDB DEFAULT CHARSET=utf8mb4 COLLATE=utf8mb4_unicode_ci;

--
-- Dumping data for table `posts`
--

INSERT INTO `posts` (`id`, `subject`, `body`, `user_id`, `category_id`, `url`, `created_at`, `updated_at`) VALUES
(58, 'معكرونة مقلوبة', '•	ملعقة كبيرة أو 15 مل من الزيت النباتيّ\r\n•	حبّة كبيرة أو 150 غ من البصل، مقطعاً ناعماً\r\n•	800 غ من اللحم، مفروماً\r\n•	3 ملاعق كبيرة أو 60 غ من معجون الطماطم\r\n•	ملعقة صغيرة أو 5 غ من العقدة الصفراء\r\n•	نصف ملعقة صغيرة أو 3 غ من البهار الأسود، مطحوناً\r\n•	نصف ملعقة صغيرة أو 3 غ من الفلفل الحرّيف\r\n•	ملعقة صغيرة أو 3 غ من الزعتر البرّي\r\n•	كوبان أو 500 مل من الماء، مسخناً\r\n•	مكّعبان من مرقة الدجاج من ماجي\r\n•	حبتان صغيرتا الحجم أو 100 غ من الطماطم، مقطعة إلى مكعبات\r\n•	400 غ من المعكرونة الطويلة\r\n•	لتران من الماء\r\n•	ملعقة كبيرة أو 15 مل من الزيت النباتيّ\r\n•	حبّة كبيرة أو 200 غ من البطاطا، مقشّرة ومقطّعة إلى شرائح سماكتها 5 ملم\r\n\r\n\r\n\r\n\r\nفي مقلاة كبيرة، يُحمى الزيت النباتيّ على حرارة متوسّطة ويُقلى البصل مع التحريك لمدة دقيقتين ويُضاف اللحم المفروم ويُقلى مع التحريك لمدّة 5 دقائق إضافيّة إلى أن يُطهى اللحم.\r\n.يُضاف معجون الطماطم والعقدة الصفراء والبهار الأسود والفلفل الحرّيف والزعتر البرّي ويُطهى المزيج لبضع دقائق إضافيّة.\r\n.يُضاف الماء الساخن ومرقة الدجاج من ماجي والطماطم ويُغطى القدر ويُترك لينضج لمدّة 10 دقائق أو إلى أن تصبح الصلصة سميكة قليلاً.\r\n.تُطهى المعكرونة في ماء مغلي إلى أن تصبح شبه مطهوة. تُصفّى المعكرونة ويتم التخلّص من الماء.\r\n.توضع ملعقة كبيرة من الزيت النباتي على قعر قدر مقاوم للالتصاق مخصّص لتحضير الأرز. تُرتّب شرائح البطاطا في قعر القدر من ثم ثلث المعكرونة المطهوّة ويُصب بعدئذ ثلث صلصة اللحمة. ثم تُوضع طبقات من المعكرونة والصلصة على التوالي.\r\n.يُغطى القدر ويوضع على نار متوسّطة إلى خفيفة ويُترك لينضج لمدة 30 دقيقة.\r\n.تُرفع القدر عن النار، وتُترك لترتاح لمدة 5 دقائق بدون الغطاء.\r\n.يوضع طبق كبير فوق القدر وتُقلب المعكرونة على الطبق بحذر.\r\n.يجب أن تكون البطاطا قد نضجت وأصبح لونها ذهبياً وكذلك يجب أن تكون المعكرونة قد نضجت وأصبحت طرية.', 8, 11, '1536507475.jpg', '2018-09-09 12:37:55', '2018-09-09 12:37:55'),
(64, 'فتة الأرز والدجاج', 'حبة متوسطة الحجم من البصل، مقطعاً ناعماً\r\nملعقة صغيرة من زيت الزيتون\r\n6 أكواب من الماء، الساخن\r\nمكعب من بودرة مرقة الدجاج من ماجي\r\nدجاجة كاملة متوسطة الحجم، منزوعاً منها الجلد ومقطعة إلى ٤ قطع\r\nكوب واحد من الأرز، مغسولاً\r\n3 أكواب من لبن الزبادي\r\n1-2 فص من الثوم، مسحوقاً\r\nملعقتان صغيرتان من الليمون الطازج، معصوراً\r\nملعقتان صغيرتان من الطحينة\r\n2-3 أكواب من خبز بيتا، محمصاً\r\nملعقتان كبيرتان من البقدونس، مقطعاً\r\nربع كوب من الصنوبر، محمصاً\r\nالمنتج المستخدم\r\nكيفية التحضير\r\n	يقلى البصل في قدر عميقة بزيت الزيتون حتى يصبح ذهبياً، ويُضاف الماء الساخن، بودرة مرقة الدجاج من ماجي وقطع الدجاج ثم تُطهى المكونات على نار متوسطة الحرارة حتى تنضج قطع الدجاج بالكامل. تُرفع قطع الدجاج من المرقة وتُخلى من العظام.\r\n	في القدر نفسها، يُضاف الأرز إلى المرقة ويُطهى على نار متوسطة الحرارة حتى ينضج بالكامل ويصبح ملتصقاً قليلاً\r\n	في هذه الأثناء، تُحضر صلصة لبن الزبادي بمزج لبن الزبادي مع الثوم، عصير الليمون والطحينة. يُحرك المزيج حتى يصبح سلساً.\r\n	تُصف نصف كمية خبز بيتا في قاع صحن التقديم ويُضاف عليها الأرز ثم تُصب صلصة لبن الزبادي فوق الأرز. يُرش الخبز المحمّص المتبقي فوق لبن الزبادي ثم تُصف قطع الدجاج بالأعلى. يُزين الصحن بالبقدونس والصنوبر المحمّص قبل التقديم.', 8, 11, '1536567728.jpg', '2018-09-10 05:22:08', '2018-09-10 05:22:08'),
(65, 'أقراص كبّة اللحم', 'المكونات\r\n¾ 1 كوب أو 350 غرام من البرغل الناعم\r\n500 غرام من لحم البقر الهبر\r\n100 غرام أو بصلة صغيرة مفرومة\r\nملعقة كبيرة من النعناع الطازج المفروم\r\nملعقة صغيرة من الملح\r\n¼ ملعقة صغيرة من الفلفل الأسود المطحون\r\n½ ملعقة صغيرة من القرفة المطحونة\r\nملعقة صغيرة من الكمّون المطحون\r\nللحشوة:\r\nملعقتان كبيرتان من الزيت النباتي\r\n250 غرام أو حبتان متوسطتا الحجم من البصل، مفرومتان\r\n½ كلغ أو 500 غرام من لحم الغنم المفروم\r\nمكعبان من مرقة الدجاج ماجي، مفتّتان\r\n½ ملعقة صغيرة من السبع بهارات العربية المطحونة\r\n3 ملاعق كبيرة من حبوب الصنوبر، المحمّصة\r\nملعقة صغيرة من النعناع المجفّف\r\nملعقة كبيرة من دبس الرمّان (اختياري)\r\nكوبان أو 440 غرام من الزيت النباتي للقلي\r\n\r\nكيفية التحضير\r\n يُغسَل البرغل ويُصَفَّى ثمّ يغطى ويوضع جانباً لمدّة ساعة.\r\nيُمزَج البرغل المجهّز مع لحم البقر المفروم، البصل، النعناع، الملح والتوابل في وعاء للخلط. تُفرَم المكوّنات 3 مرّات بواسطة آلة فرم اللحم الكهربائية (يضاف القليل من الماء البارد عند الحاجة للحصول على عجينة ناعمة). يُغطّى المزيج ويوضع في البرّاد.\r\nيُحمى الزيت في قدرٍ ويُضاف البصل ويُطهى حتى يصبح طرياً. يُضاف لحم الغنم المفروم ويُحَرَّك حتى ينضج ويكتسب اللون البني، ثمّ يُضاف المكعّبان المفتتان من مرقة الدجاج ماجي، السبع بهارات العربيّة، حبوب الصنوبر، النعناع المجفّف ودبس الرمّان ويحرّك المزيج حتى يمتزج جيداً.\r\nتؤخَذ قطع متوسطة الحجم من مزيج عجينة الكبّة بواسطة يدين رطبتين وتُصنَع كل حصة على شكل بيضاوي ويترك فراغ في الوسط بإدخال الإصبع من طرف واحد.\r\nتُحشى القطع بالقليل من مزيج لحم الغنم المطبوخ وتغلق بالضغط على طرفها بإحكام.\r\nتُقلى الكبة في الزيت المحمّى حتى تكتسب اللون البني الذهبي.\r\nيُقدم هذا الطبق ساخناً مع السلطة الخضراء واللبن الطازج', 8, 10, '1536567876.jpg', '2018-09-10 05:24:36', '2018-09-10 05:24:36'),
(67, 'مندي الدجاج', 'المكونات\r\nللأرز:\r\nملعقة كبيرة من الزيت النباتي\r\nحبتان متوسطتا الحجم أو 200 غ من البصل الأحمر، مفروماً ناعماً\r\n5 فصوص أو 25 غ من الثوم الطازج، مسحوقاً\r\nحبة واحدة من الفلفل الأخضر\r\n4 حبات كاملة من الهال\r\n3 أوراق غار\r\n10 حبات من الفلفل الأسود الكامل\r\nنصف ملعقة صغيرة من مسحوق الكمون\r\nملعقة صغيرة من مسحوق الكركم\r\n2-3 حبات من كبش القرنفل\r\nنصف ملعقة صغيرة من مسحوق بذور الكزبرة\r\nنصف ملعقة صغيرة من مسحوق الليمون الأخضر، مجففاً (مسحوق لومي الأسود)\r\nقطعتان صغيرتان أو 800 غ من الدجاج مع الجلد، كل قطعة تُقطع إلى 4 قطع صغيرة\r\nمكعبان من مرقة الدجاج من ماجي\r\n6 أكواب من الماء\r\nكوبان ونصف أو 500 غ من الأرز البسمتي\r\nلصلصة تحمير الدجاج:\r\nملعقة كبيرة من معجون الطماطم\r\nملعقتان كبيرتان من اللبن الزبادي\r\nنصف ملعقة صغيرة من مسحوق الكرك\r\nنصف ملعقة صغيرة من مسحوق الفلفل الأسود\r\nللنكهة المدخنة:\r\nملعقتان من الزيت النباتي\r\nقطعة واحدة من الفحم، مسخنة حتى الاحمرار\r\nالمنتج المستخدم\r\n\r\nكيفية التحضير\r\n	لتحضير الأرز: يُسخن الزيت في مقلاة غير قابلة للالتصاق، ثم يُضاف البصل ويقلى حتى يصبح طرياً. يُضاف الثوم والفلفل ويُطهى لمدة دقيقة إضافية.\r\n	يُضاف الهال، ورق الغار، الفلفل الأسود الكامل، مسحوق الكمون، كبش القرنفل، مسحوق الكزبرة ومسحوق الليمون المجفف والدجاج ويطهى لمدة 4-5 دقائق.\r\n	يُضاف مكعبان من مرقة الدجاج من ماجي والماء ويستمر الطهو على حرارة متوسطة حتى ينضج الدجاج بالكامل ويصبح طرياً.\r\n	يُنزع الدجاج بلطف ويوضع في صينية فرن مع وضع الجزء المغطى بالجلد لأعلى، يُضاف الأرز إلى المرقة ثم يطهى على حرارة خفيفة حتى ينضج الأرز بالكامل ويصبح طرياً.\r\nفي هذه الأثناء، تُحضر صلصة تحمير الدجاج بمزج معجون الطماطم، اللبن الزبادي، الكركم والفلفل الأسود في وعاء صغير ثم تُدهن على جلد الدجاج المطهو بواسطة فرشاة المطبخ؛ يشوى الدجاج المدهون بصلصة التحمير في فرن محمّى مسبقاً على حرارة 180 درجة مئوية حتى يصبح الجلد محمراً.\r\nلإضافة نكهة مُدخنة للأرز، عند الانتهاء من طهو الأرز تماماً، يُنزع الغطاء ويوضع وعاء من السيراميك في الوسط. يضاف الزيت النباتي إلى الوعاء وتوضع قطعة الفحم الساخنة/ الحمراء فوق الزيت ثم يُغطى الأرز سريعاً لمنع الدخان من الخروج من القدر. يُترك الغطاء مُحكم الغلق لمدة 2-3 دقائق حتى يحتفظ الأرز بنكهة الدخان.\r\n	لتجهيز الطبق، يُنزع الوعاء السيراميك والفحم من الأرز. بلطف، يُحرك الأرز ويوضع في صحن تقديم كبير، ثم توضع قطع الدجاج فوقه للتقديم.\r\n	تتناسب الصلصة الحارة والمخللات جيداً مع وصفة مندي الدجاج.', 8, 11, '1536568840.jpg', '2018-09-10 05:40:40', '2018-09-10 05:40:40'),
(75, 'شوربة كريمة الدجاج والذرة الحارة', 'المكونات\r\n  100غ من صدر الدجاج، مقطعاً\r\nملعقة صغيرة من الزيت النباتي\r\nملعقتان صغيرتان من معجون الهريسة\r\nكوبان من الماء، بدرجة حرارة معتدلة\r\nمغلف من شوربة الدجاج مع الذرة من ماجي إكسيلانس\r\nقليل من أوراق الكزبرة الطازجة (زينة اختيارية)\r\n\r\n\r\nيطهى الدجاج بواسطة الزيت النباتي حتى ينضج بالكامل. يُضاف معجون الهريسة ويُطهى المزيج لمدة دقيقة إضافية.\r\nيُضاف الماء، وشوربة الدجاج مع الذرة من ماجي إكسيلانس، ويُحرك المزيج جيداً ثم يُغلى ويُطهى على نار متوسطة لمدة 5 دقائق حتى يصبح سميكاً.\r\nيُزين الصحن بأوراق الكزبرة ويُقدم مع الخبز المسطح والسلطة', 10, 7, '1536571276.png', '2018-09-10 06:21:16', '2018-09-10 06:21:16'),
(76, 'شوربة الذرة الحلوة والبيض', '4 أكواب الماء or 1 لتر\r\n1/2 ملعقة طعام الزنجبيل المبشور\r\n1 مغلف شوربة خلاصة الدجاج ماجي\r\n200 غ فيليه صدور الدجاج, مفرومة فرماً ناعماً\r\n1 علبة خلاصة الذرة or 420 غ\r\n1 ملعقة طعام صلصة الصويا قليلة الملح\r\n2 زلال البيض, مخفوقان بخفّةٍ مع ملعقتين كبيرتين من الماء\r\n2 ملاعق طعام البصل الأخضر, المقطّع إلى شرائح رفيعة\r\n\r\n\r\n\r\nيُمزج الماء مع الزنجبيل، وشوربة خلاصة الدجاج ماجي في قدرٍ كبير ثم تُغلى المكونات مع التحريك المستمر.\r\nيُضاف إليها الدجاج، والذرة الحلوة، وصلصة الصويا، وتُترك المكوّنات على النار لمدّة تتراوح بين 8 و10 دقائق.\r\nيُسكب زلال البيض تدريجيّاً وبشكلٍ خفيفٍ فوق المكوّنات مع تحريك الشوربة المتروكة على النار. ثم تُطهى المكوّنات لمدّة دقيقتين.\r\nيُضاف البصل الأخضر وتُقدّم الشوربة', 10, 7, '1536571642.jpg', '2018-09-10 06:27:22', '2018-09-10 06:27:22'),
(77, 'شوربة العدس بالخضار', 'المكوّنات	\r\n2 بطاطا حجم متوسط، و مقشر\r\n1 جزر، مقشر\r\n1 كوب عدس، مغسول\r\n1 بصل حجم وسط\r\n1 ملعقة صغيره كمون\r\n1 ملعقة صغيره ملح\r\n5 كوب ماء\r\nزبدة القليل للقلي\r\nالخطوات	\r\n30 دقيقة\r\nيفرم البصل، البطاطا والجزر بحجم صغير.\r\n\r\n  \r\nفي قدر على النار، توضع الزبدة وتضاف الخضار المفرومة وتقلب لعدة دقائق، يضاف العدس ويقلب قليلاً مع الخضار.\r\n\r\n  \r\nيضاف كمية من الماء وتترك على النار لمدة نصف ساعة تقريباً حتى تذوب الخضار والعدس، تتبل بالكمون والملح.\r\n\r\n  \r\nبوضع الخليط بالخلاط الكهربائي حتى تنعم الشوربة واذا لاحظتٍ أن الخليط ثقيلا اضيفي ماء ساخن .', 10, 7, '1536571778.jpg', '2018-09-10 06:29:38', '2018-09-10 06:29:38'),
(80, 'سمبوسك بالدجاج والخضار', 'المكونات للعجينة: 3 أكواب أو 420 غ من الدقيق العادي 1 ملعقة طعام من السكر 1½ ملعقة صغيرة من الملح 4 ملاعق طعام من الزيت النباتي 1 ملعقة طعام من مسحوق الخميرة٬ المذوب في 4 ملاعق كبيرة من الماء الفاتر ¾ كوب أو 185 مل من الماء للحشوة: 2 ملاعق طعام من الزيت النباتي 1 حبة صغيرة الحجم أو 100 غ من البصل٬ مقطعة إلى مكعبات صغيرة 250 غ من الدجاج٬ المفروم 1 حبة متوسطة الحجم أو 100 غ من الكوسا الصغير٬ مقطعة إلى قطع صغيرة 1 حبة صغيرة الحجم أو 100 غ من الفليفلة الحلوة الخضراء٬ مقطعة إلى قطع صغيرة 1 حبة أو 70 غ من الباذنجان الصغير٬ مقطعة إلى قطع صغيرة 1 حبة متوسطة الحجم أو 150 غ من الطماطم٬ مقشرة ومفرومة 1 ملعقة طعام من معجون الطماطم 2 مكعبات مرقة الدجاج ماجي 2 ملاعق طعام من الصنوبر٬ المحمص ¼ ملعقة صغيرة من الفلفل الأسود المطحون ½ ملعقة صغيرة من السبع بهارات يوضع الدقيق في وعاءٍ عميقٍ ويُضاف إليه السكر، الملح والزيت وتُمزج المكونات جيداً بواسطة أطراف الأصابع إلى أن تتحول إلى فتات. تُُضاف الخميرة المذوبّة وتُمزج مع الخليط مع إضافة كميات قليلة من الماء تدريجياً إلى أن تتكون عجينة، ثم يُغطّى الوعاء بواسطة قطعة مطبخ ويوضع جانباً لمدة 30 دقيقة. في هذه الأثناء، يُحمّى الزيت في قدرٍ ويُقلّى البصل لمدة دقيقتين ثم يُضاف الدجاج المفروم ويُحرّك إلى أن ينضج ثم تُضاف إليه الكوسا، الفليلفة والباذنجان. تُحرّك المكونات على نارٍ معتدلةٍ لمدة 5 دقائق أو أن تصبح الخضار طريّة. تُضاف الطماطم ومعجون الطماطم ومكعبا مرقة الدجاج ماجي المفتّتان وتُحرّك المكونات وتُطهى لمدة 5 دقائق أو إلى أن تصبح الخضار مطهوة جيداً ويتبخّر السائل. يُضاف حب الصنوبر والبهارات ثم تُحرك المكونات وتُرفع عن النار. ترقّ العجينة على شكل عجينة رفيعة بسماكة 3 ملم ثم تُقطّع دوائر من العجينة بواسطة كوب متوسط الحجم أو آلة تقطيع العجينة. توضع ملعقة كبيرة من الحشوة في وسط كل قطعة وتُغلق الأطراف من خلال قلب الأطراف أو رصّها بواسطة شوكة. توضع فطائر السمبوسك المحشوة في صينيّة الفرن المدهونة بالزيت أو الزبدة المذوبة مع ترك مسافة 1 سم ما بينها وتوضع في مكانٍ دافئٍ لمدة 30 دقيقة أو إلى أن ترتفع عجين السمبوسك المحشوة. تُخبز فطائر السمبوسك في فرن محمى على حرارة 250 درجة مئوية لمدة 13 إلى 15 دقيقة أو إلى أن تصبح بنيّة ذهبية ثم تُستخرج من الفرن وتُقدّم على الفور.', 10, 10, '1536573994.jpg', '2018-09-10 07:06:34', '2018-09-10 07:06:34'),
(81, 'فطائر الجبنة البيضاء', 'لكل عشاق الجبن وصفة سريعة لتحضير فطائر شهية للفطور ويمكنك تقديمها كطبق جانبي أيضًا، تعرف على مقادير وطريقة التحضير. المكونات: 3 أكواب دقيق ربع كوب زيت ربع كوب زبادي ملعقة خميرة، وملعقة بيكنج بودر ملعقة صغيرة من السكر كوب ماء دافئ وللحشو: 100 جرام من الجبن المفضل، شيدر عادي أو مبشور 3 ملاعق مسحوق الكزبرة حبة البركة – ملعقة صغيرة الطريقة: نضع الخميرة مع السكر والماء في كوب حتى فوران الخميرة، ونحضر وعاء نضع فيه الدقيق والبيكنج بودر ليمتزجوا جيدًا، ونضع الزيت على الدقيق مع التقليب والفرك جيدًا. نضيف الزبادي وخليط الخميرة والماء للعجين، ونعجن جيدًا حتى تتماسك، ثم نغطي العجينة بزيت زيتون ونغطي الإناء بمنشفة مطبخ أو غلاف بلاستيك لـ 10 دقائق حتى تخمر. شغل الفرن على درجة حرارة 200 مئوية، ونقطع العجين إلى كرات صغيرة، ثم نفرد كل قطعة على شكل بيضاوي، ونضع الحشو في داخلها، ونطوي طرفيّ العجين، أو على حسب الشكل الذي نرغب فيه. ندهن وجه العجين بالبيض أو الحليب أو كلاهما مع قليل من زيت الزيتون، وتوضع في الفرن في درجة حرارة 200 لمدة 10 دقائق حتى تنضج ويحمر وجهها وتكون جاهزة للتقديم.', 10, 10, '1536574088.jpg', '2018-09-10 07:08:08', '2018-09-10 07:08:08'),
(82, 'البسبوسة بالقشطة', 'المكوّنات	\r\n2 بيض\r\nملعقه صغيره فانيلا سائله\r\n1 كوب سكر\r\n1/2 كوب زيت نباتي\r\n1 كوب سميد\r\n1 ملعقه كبيره بيكنغ باودر\r\n1 كوب لبن زبادي\r\nمقادير القشطه:\r\n2 كوب حليب سائل\r\n4 ملعقه كبيره نشا\r\n1 علبة قشطه\r\n4حبات جبنه مثلثات اي نوع(حسب الرغبه)ممكن الاستغناء عنها\r\nالقطر:\r\n1 كوب سكر\r\n1 كوب ماء\r\nملعقه صغيره عصير ليمون\r\nالخطوات	\r\n1 دقيقة\r\nنضع بالخلاط الكاس مقادير خليط البسبوسه ونخلطها جيدا\r\n\r\n  \r\nثم نقسم الخليط لقسمين بوعائين ثم نحضر البايركس وندهنها\r\n\r\n  \r\nبالزيت أو القليل من الطحينيه ثم نضع القسم الاول من خليط البسبوسه ندخلها علي الفرن علي حرارة180تحت الشوايه\r\n\r\n  \r\nنتركها حتي تستوي ويجمد الخليط دون أن تتحمر في هذه الأثناء نحضر القشطه نضع الحليب السائل ومعه النشا ونذوبه\r\n\r\n  \r\nثم نضعه علي النار حتي يغلي غلوه ويصبح مثل المهلبيه انزليها عن النار ثم ضعي القشطه والجبنه وحركي جيدااا حتي يختلط الخليط وتختفي القشطه والجبنه ثم نتركها تبرد الافضل تحضيرها قبل بدء العمل.\r\n\r\n  \r\nنخرج البايركس ونضع القشطه علي وجهها بالتساوي وابتعدي عن الحواف ثم نضع الخليط الثاني من البسبوسه فوق القشطه.\r\n\r\n  \r\nادخليها الفرن على حرارة160 تحت الشوايه علي نار هادئه حتي تتحمر.\r\n\r\n  \r\nاخرجيها من الفرن واسقيها بالقطر واتركيها حتي تبرد قليلا ثم ادخليها الثلاجه حتي تتجانس وتتماسك البسبوسه والقشطه كل ما طولت مدتها بالثلاجه اعطتكي نتيجه افضل.\r\n\r\n  \r\nزيينيها بالفستق الحلبي أو جوز الهند حسب الرغبه ..وتقدم', 10, 8, '1536574235.jpg', '2018-09-10 07:10:35', '2018-09-10 07:10:35'),
(84, 'كيكة النسكافيه الباردة', 'المكوّنات باكيت واحد كبير من البسكويت السادة. علبة واحدة من القشطة الجاهزة. كوب واحد من الحليب الطازج أو المبستر. نصف كوب من السكر الخشن. ملعقة صغيرة من الفانيلا. مئة جرام من اللوز المطحون بشكل خشن، للتزيين. ملعقتان كبيرتان من النسكافيه الباودر. ربع كوب من النسكافيه السائلة المخلوطة بالماء أو الحليب، لتغطيس البسكويت. باكيت من الكريما الجاهزة. طريقة التحضير اخفقي كل من الحليب، والنسكافيه البودرة، والقشطة، والسكر، والفانيلا، والكريما، في الخلاط الكهربائي إلى أن تتداخل المكوّنات وتكون مزيجاً متجانساً، ثم ضعيه في الثلاجة لمدة تتراوح من 20 إلى 30 دقيقة حتى يبرد تماماً. اخلطي قليلاً من الماء والسكر وضعيهما على نار هادئة، واستمري في التحريك حتى يصبح لون السكر ذهبيّاً ويصبح بشكل كراميل، ثم أضيفي اللوز المجروش وحرّكي جيداً إلى أن يمتزج الخليط، ثم ارفعيه عن النار واسكبيه على ورق القصدير المدهون بالزبدة او بزيت الذرة كي لا تلتصق واتركيه حتى يبرد. ابدئي بتغطيس البسكويت في وعاء النسكافيه السائل والذي تم خلطه بالماء أو الحليب، ثم صفي قطع البسكويت وصفيها بشكلٍ متراصٍ في صينية زجاجية من البايريكس، حتى تغطي الطبقة السفلية تماماً بالبسكويت. أخرجي خليط الكريما من الثلاجة وضعي كمية منه فوق البسكويت وافرديها جيداً. كرري تغطيس قطع جديدة من البسكويت وضعيها فوق خليط الكريما، وهكذا حتى تشكلي أكثر من طبقة. أعيدي الصينية إلى الثلاجة لكي تبرد لساعات. كسّري اللوز المخلوط بالسكر إلى قطع صغيرة جداً ثم رشيها فوق الكيكة لإضفاء شكلٍ جميل، ثم قدميها باردة للضيوف.', 11, 8, '1536574923.jpg', '2018-09-10 07:22:03', '2018-09-10 07:22:03'),
(85, 'غريبة باللوز', 'المقادير\r\n\r\n300غ لوز مطحون\r\nبيضة\r\n220غ سكر دقيق\r\nبعض الفانيليا المرحية (كيس فانيليا مرحية)\r\nقشرة ليمونة الحامض\r\nطريقة التحضير \r\n\r\nاخفق البيض والسكر والدقيق لمدة 5 دقائق تقريبا .\r\nأضف قشرة الليمون المفرومة الرقسقة والفانيليا المرحية خلطها لدقيقة إضافية .\r\nأضف اللوز المرحي واعركها حتى الحصول على عجينة (يصعب تطويعها) .\r\nأصنع كريات في حجم الجوزة ثم سطحها قليلا وضعها من جهة على السكر الدقيق ثم رصفها على صفيحة الطهي مع توجيه الوجه المرشوش بالسكر إلى فوق .\r\nأتركها على 180 درجة لمدة ربع ساعة .\r\nقدمها باردة .', 11, 8, '1536575441.jpg', '2018-09-10 07:30:41', '2018-09-10 07:30:41'),
(87, 'سلطة سيزر', 'طريقة سلطة السيزر المكوّنات صدر من صدور الدجاج. ثلاثمئة غرام من الخبز. خسّة. ثلاث فصوص من الثوم. ثلاث ملاعق كبيرة من زيت الزيتون. ثلاث ملاعق من جبن بارميزان مبشور. كوب من جبن الموزاريلا. عبوة صوص رانش متوافرة في الأسواق. رشّة فلفل أسود حسب الرغبة. رشّة ملح. طريقة التحضير يُقطّع الخبز إلى مربّعات صغيرة، ويُفرد في صينيّة، ويُدهن الخبز بقليل من الزيت، وتوضع الصينيّة في الفرن لكي يحمرّ الخبز وذلك بإشعال النار العلويّة للفرن، وبعدها يوضع الخبز المحمّص جانباً لحين الحاجة إليه. يوضع صدر الدجاج في قدر ويُسكب علية الماء، ويُترك على نار متوسّطة إلى أن يُسلق، ويُخرج الصدر من ماء السلق، ويُقطّع إلى مكعّبات صغيرة، ويمكن بعد السلق أن يُحمّر الصدر حسب الرغبة. يُغسل الخس جيداً ويُقطع إلى شرائح عريضة. يُخلط كلٌّ من جبن الموزوريلا، وصدور الدجاج، وزيت الزيتون معاُ، ثمّ يُضاف الخسّ المُقطع، والثوم المهروس، ويتمّ تقليبهم جيّداُ. يُضاف كلٌّ من جبن البارميزان، والملح، والفلفل الأسود على الوعاء، ويتمّ تقليبهم مرّة أخرى جيّداً مع بعضهم البعض. يُسكب مقدار مناسب من صوص الرانش على السلطة. تُوضع السلطة في طبق التقديم، ويُنثر على وجهها الخبز المحمّص المقطّع، وتكون بذلك جاهزة للتقديم. يمكن تحضير صوص سلطة السيزر في المنزل بدلاً من صوص الرانش الجاهز. مكوّنات صوص سلطة السيزر قطعتين من الأنشوفة_ نوع سمك معلّب_. ثلاث ملاعق كبيرة من عصير اللّيمون. ملعقتان كبيرتان من جبن البارميزان المبشور. ملعقتان كبيرتان من القشطة. ثلاث فصوص ثوم مهروس. ملعقة كبيرة من الحبّ الكبير. رشّة بهار أبيض. رشّة ملح. طريقة تحضير صوص السلطة يُوضع كلٌّ من الأنشوفه، وعصير الليمون، وجبن البارميزان، والقشطة، والثوم المهروس، والحبّ الكبير، والبهار الأبيض، والملح في خلاط كهربائيّ، ويُشغل الخلاط إلى أن يصبح الخليط لزجاً. يُسكب الخليط في وعاء ويُوضع جانباً.', 11, 9, '1536576076.jpg', '2018-09-10 07:41:16', '2018-09-10 07:41:16'),
(88, 'سلطة الذرة', '5 أكواز ذرة\r\nبصلة\r\n3 م ك خل التفاح\r\n3 م ك زيت زيتون\r\nملح وفلفل أسود\r\nحبق طازج (ريحان)\r\n التحضير\r\n1- تقطع البصلة مكعبات صغيرة.\r\n2- يقطع الحبق تقطيعا صغيرا.\r\n\r\n الطهى\r\n1- تسلق الذرة في ماء مغلي ل 3 دقائق ثم توضع مباشرة في ماء مثلج.\r\n2- تخرج حبوب الذرة بالسكين ثم توضع في وعاء.\r\n3- يضاف لها مكعبات البصل والخل والزيت والملح والفلفل والحبق الطازج وتقلب وتقدم باردة.', 8, 9, '1536576391.jpg', '2018-09-10 07:46:31', '2018-09-10 07:46:31'),
(89, 'سلطة البطاطس المسلوقة', 'طريقة عمل سلطة البطاطس المسلوقة\r\n\r\nمقادير طريقة عمل سلطة البطاطس المسلوقة:\r\n\r\n1-    4حبات بطاطس\r\n\r\n2-    2ملعقه بقدونس مفرى\r\n\r\n3-    فص ثوم – ملح – فلفل – شطة\r\n\r\n4-    2 ملعقه زيت سلاطه – ربع فنجان خل\r\n\r\nطريقة عمل سلطة البطاطس المسلوقة:\r\n\r\n1-    تسلق البطاطس وتهرس او تقطع قطع صغيرة\r\n\r\n2-    يدق الثوم والملح والفلفل والشطة ويضاف الى البطاطس\r\n\r\n3-    يضاف الخل ويقلب جيدا\r\n\r\n4-    توضع فى طبق وترش بالزيت والبقدونس وتقدم', 8, 9, '1536576535.jpg', '2018-09-10 07:48:55', '2018-09-10 07:48:55');

-- --------------------------------------------------------

--
-- Table structure for table `users`
--

CREATE TABLE `users` (
  `id` int(10) UNSIGNED NOT NULL,
  `name` varchar(191) COLLATE utf8mb4_unicode_ci NOT NULL,
  `email` varchar(191) COLLATE utf8mb4_unicode_ci NOT NULL,
  `password` varchar(191) COLLATE utf8mb4_unicode_ci NOT NULL,
  `remember_token` varchar(100) COLLATE utf8mb4_unicode_ci DEFAULT NULL,
  `created_at` timestamp NULL DEFAULT NULL,
  `updated_at` timestamp NULL DEFAULT NULL
) ENGINE=InnoDB DEFAULT CHARSET=utf8mb4 COLLATE=utf8mb4_unicode_ci;

--
-- Dumping data for table `users`
--

INSERT INTO `users` (`id`, `name`, `email`, `password`, `remember_token`, `created_at`, `updated_at`) VALUES
(8, 'Dalal', 'Dalal@gmail.com', '$2y$10$XoanT7piZIn7t7w9oOHG9OO6dbnTBfMxWzY94dJclnR34HAhr8YEC', 'c5QJTefTIojb2zPPTcOYLY36JWS5dDU4nrBgOMMz70mmxZJxpujdaZ3joSys', '2018-09-03 14:30:10', '2018-09-03 14:30:10'),
(9, 'AyaAli', 'AyaAli@gmail.com', '$2y$10$8r3T3eK4qMNM5ZTMVH7B4uRzaIFV/JnwInDuOPOSRunAPymssQFA6', '6vV4kslWdIrfVeQCjlu6vjUpN3RW58ywnnv0nOJDNeByxW0DRC8kZ2asqiKr', '2018-09-06 14:20:19', '2018-09-06 14:20:19'),
(10, 'Deemah', 'Deemah@gmail.com', '$2y$10$T.f4/80GGXnIvasQNkJxAezGgILXfp.Y0/MWHt6WYsatbhepr.Jn2', 'G4dKndcPnngx8z5H6YGymYArH4SrjzYWySrDzU05tIefAYTAMdHl7mBRrRJp', '2018-09-10 05:43:56', '2018-09-10 05:43:56'),
(11, 'ِAya', 'Aya@gmail.com', '$2y$10$b4/GYbE9WgP20WpuicKhCex9SJTLxfyrkNzluTU/UqmIHlhzOBaBC', 'arndTlyic3TmADU0jLmm0EVpY2uScMQwBirlxpeKdRN7VqBbcJvfXPh6L6Ug', '2018-09-10 07:11:51', '2018-09-10 07:11:51');

--
-- Indexes for dumped tables
--

--
-- Indexes for table `categories`
--
ALTER TABLE `categories`
  ADD PRIMARY KEY (`id`);

--
-- Indexes for table `comments`
--
ALTER TABLE `comments`
  ADD PRIMARY KEY (`id`),
  ADD KEY `comments_user_id_foreign` (`user_id`),
  ADD KEY `comments_post_id_foreign` (`post_id`);

--
-- Indexes for table `migrations`
--
ALTER TABLE `migrations`
  ADD PRIMARY KEY (`id`);

--
-- Indexes for table `password_resets`
--
ALTER TABLE `password_resets`
  ADD KEY `password_resets_email_index` (`email`);

--
-- Indexes for table `posts`
--
ALTER TABLE `posts`
  ADD PRIMARY KEY (`id`),
  ADD KEY `posts_category_id_foreign` (`category_id`),
  ADD KEY `posts_user_id_foreign` (`user_id`);

--
-- Indexes for table `users`
--
ALTER TABLE `users`
  ADD PRIMARY KEY (`id`),
  ADD UNIQUE KEY `users_email_unique` (`email`);

--
-- AUTO_INCREMENT for dumped tables
--

--
-- AUTO_INCREMENT for table `categories`
--
ALTER TABLE `categories`
  MODIFY `id` int(10) UNSIGNED NOT NULL AUTO_INCREMENT, AUTO_INCREMENT=12;

--
-- AUTO_INCREMENT for table `comments`
--
ALTER TABLE `comments`
  MODIFY `id` int(10) UNSIGNED NOT NULL AUTO_INCREMENT;

--
-- AUTO_INCREMENT for table `migrations`
--
ALTER TABLE `migrations`
  MODIFY `id` int(10) UNSIGNED NOT NULL AUTO_INCREMENT, AUTO_INCREMENT=10;

--
-- AUTO_INCREMENT for table `posts`
--
ALTER TABLE `posts`
  MODIFY `id` int(10) UNSIGNED NOT NULL AUTO_INCREMENT, AUTO_INCREMENT=90;

--
-- AUTO_INCREMENT for table `users`
--
ALTER TABLE `users`
  MODIFY `id` int(10) UNSIGNED NOT NULL AUTO_INCREMENT, AUTO_INCREMENT=12;

--
-- Constraints for dumped tables
--

--
-- Constraints for table `comments`
--
ALTER TABLE `comments`
  ADD CONSTRAINT `comments_post_id_foreign` FOREIGN KEY (`post_id`) REFERENCES `posts` (`id`),
  ADD CONSTRAINT `comments_user_id_foreign` FOREIGN KEY (`user_id`) REFERENCES `users` (`id`);

--
-- Constraints for table `posts`
--
ALTER TABLE `posts`
  ADD CONSTRAINT `posts_category_id_foreign` FOREIGN KEY (`category_id`) REFERENCES `categories` (`id`),
  ADD CONSTRAINT `posts_user_id_foreign` FOREIGN KEY (`user_id`) REFERENCES `users` (`id`);
COMMIT;

/*!40101 SET CHARACTER_SET_CLIENT=@OLD_CHARACTER_SET_CLIENT */;
/*!40101 SET CHARACTER_SET_RESULTS=@OLD_CHARACTER_SET_RESULTS */;
/*!40101 SET COLLATION_CONNECTION=@OLD_COLLATION_CONNECTION */;
